Valletta Malta	 Vienna Austria
good better low lower
stepfather stepmother stepson stepdaughter
stepfather stepmother uncle aunt
stepfather stepmother boy girl
stepfather stepmother brother sister
stepfather stepmother brothers sisters
stepfather stepmother dad mom
stepfather stepmother father mother
stepfather stepmother grandfather grandmother
stepfather stepmother grandpa grandma
Peru Peruvian Portugal Portuguese
Peru Peruvian Russia Russian
Peru Peruvian Slovakia Slovakian
Peru Peruvian Spain Spanish
Peru Peruvian Sweden Swedish
Peru Peruvian Switzerland Swiss
Peru Peruvian Thailand Thai
Peru Peruvian Ukraine Ukrainian
Peru Peruvian Albania Albanian
Peru Peruvian Argentina Argentinean
Peru Peruvian Australia Australian
Peru Peruvian Austria Austrian
Peru Peruvian Belarus Belorussian
Peru Peruvian Brazil Brazilian
Peru Peruvian Bulgaria Bulgarian
Peru Peruvian Cambodia Cambodian
Peru Peruvian Chile Chilean
Peru Peruvian China Chinese
Peru Peruvian Colombia Colombian
Peru Peruvian Croatia Croatian
Peru Peruvian Denmark Danish
stepfather stepmother grandson granddaughter
stepfather stepmother groom bride
stepfather stepmother he she
stepfather stepmother his her
write writes sing sings
write writes sit sits
write writes slow slows
Athens Greece Baghdad Iraq
Athens Greece Bangkok Thailand
Athens Greece Beijing China
Athens Greece Berlin Germany
Athens Greece Bern Switzerland
Athens Greece Cairo Egypt
Athens Greece Canberra Australia
Athens Greece Hanoi Vietnam
Athens Greece Havana Cuba
Athens Greece Helsinki Finland
Athens Greece Islamabad Pakistan
Athens Greece Kabul Afghanistan
Athens Greece London England
Athens Greece Madrid Spain
Athens Greece Moscow Russia
stepfather stepmother stepson stepdaughter
stepfather stepmother uncle aunt
stepfather stepmother boy girl
stepfather stepmother brother sister
stepfather stepmother brothers sisters
stepfather stepmother dad mom
stepfather stepmother father mother
stepfather stepmother grandfather grandmother
stepfather stepmother grandpa grandma
stepfather stepmother grandson granddaughter
stepfather stepmother groom bride
stepfather stepmother he she
stepfather stepmother his her
enhance enhances search searches
enhance enhances see sees
enhance enhances shuffle shuffles
enhance enhances sing sings
enhance enhances sit sits
enhance enhances slow slows
enhance enhances speak speaks
enhance enhances swim swims
enhance enhances talk talks
enhance enhances think thinks
enhance enhances vanish vanishes
enhance enhances walk walks
enhance enhances work works
enhance enhances write writes
enhance enhances decrease decreases
enhance enhances describe describes
enhance enhances eat eats
estimate estimates find finds
estimate estimates generate generates
estimate estimates go goes
estimate estimates implement implements
estimate estimates increase increases
estimate estimates listen listens
estimate estimates play plays
Malaysia ringgit Canada dollar
Malaysia ringgit Croatia kuna
Malaysia ringgit Denmark krone
Malaysia ringgit Europe euro
Malaysia ringgit Hungary forint
Malaysia ringgit India rupee
Malaysia ringgit Iran rial
Malaysia ringgit Japan yen
Malaysia ringgit Korea won
Malaysia ringgit Latvia lats
Malaysia ringgit Lithuania litas
Malaysia ringgit Macedonia denar
Mexico peso Nigeria naira
Mexico peso Poland zloty
Mexico peso Romania leu
Mexico peso Russia ruble
Mexico peso Sweden krona
Mexico peso Thailand baht
Mexico peso Ukraine hryvnia
Mexico peso USA dollar
Mexico peso Vietnam dong
Mexico peso Algeria dinar
Mexico peso Angola kwanza
Mexico peso Armenia dram
Mexico peso Brazil real
Chisinau Moldova Manila Philippines
Chisinau Moldova Maputo Mozambique
Chisinau Moldova Minsk Belarus
Chisinau Moldova Mogadishu Somalia
Conakry Guinea Copenhagen Denmark
Conakry Guinea Dakar Senegal
Conakry Guinea Damascus Syria
Conakry Guinea Dhaka Bangladesh
Conakry Guinea Doha Qatar
Conakry Guinea Dublin Ireland
Conakry Guinea Dushanbe Tajikistan
Conakry Guinea Funafuti Tuvalu
Conakry Guinea Gaborone Botswana
Conakry Guinea Georgetown Guyana
Conakry Guinea Hanoi Vietnam
Conakry Guinea Harare Zimbabwe
Conakry Guinea Havana Cuba
Conakry Guinea Helsinki Finland
Conakry Guinea Islamabad Pakistan
Conakry Guinea Jakarta Indonesia
Conakry Guinea Kabul Afghanistan
Conakry Guinea Kampala Uganda
Conakry Guinea Kathmandu Nepal
Conakry Guinea Khartoum Sudan
Conakry Guinea Kiev Ukraine
Conakry Guinea Kigali Rwanda
Conakry Guinea Kingston Jamaica
Conakry Guinea Libreville Gabon
Conakry Guinea Lilongwe Malawi
Conakry Guinea Lima Peru
Conakry Guinea Lisbon Portugal
Conakry Guinea Ljubljana Slovenia
Conakry Guinea London England
Conakry Guinea Luanda Angola
Conakry Guinea Lusaka Zambia
Conakry Guinea Madrid Spain
Conakry Guinea Managua Nicaragua
Conakry Guinea Manama Bahrain
Conakry Guinea Manila Philippines
Conakry Guinea Maputo Mozambique
Conakry Guinea Minsk Belarus
Conakry Guinea Mogadishu Somalia
Conakry Guinea Monrovia Liberia
Copenhagen Denmark Dakar Senegal
Copenhagen Denmark Damascus Syria
Copenhagen Denmark Dhaka Bangladesh
Copenhagen Denmark Doha Qatar
Copenhagen Denmark Dublin Ireland
Copenhagen Denmark Dushanbe Tajikistan
Copenhagen Denmark Funafuti Tuvalu
Copenhagen Denmark Gaborone Botswana
Copenhagen Denmark Georgetown Guyana
Copenhagen Denmark Hanoi Vietnam
Copenhagen Denmark Harare Zimbabwe
Copenhagen Denmark Havana Cuba
Copenhagen Denmark Helsinki Finland
Copenhagen Denmark Islamabad Pakistan
Copenhagen Denmark Jakarta Indonesia
Copenhagen Denmark Kabul Afghanistan
Copenhagen Denmark Kampala Uganda
Copenhagen Denmark Kathmandu Nepal
Copenhagen Denmark Khartoum Sudan
Copenhagen Denmark Kiev Ukraine
Copenhagen Denmark Kigali Rwanda
Copenhagen Denmark Kingston Jamaica
Copenhagen Denmark Libreville Gabon
Copenhagen Denmark Lilongwe Malawi
Copenhagen Denmark Lima Peru
Copenhagen Denmark Lisbon Portugal
Copenhagen Denmark Ljubljana Slovenia
Copenhagen Denmark London England
Copenhagen Denmark Luanda Angola
Copenhagen Denmark Lusaka Zambia
Copenhagen Denmark Madrid Spain
Copenhagen Denmark Managua Nicaragua
Copenhagen Denmark Manama Bahrain
Copenhagen Denmark Manila Philippines
Copenhagen Denmark Maputo Mozambique
Copenhagen Denmark Minsk Belarus
Copenhagen Denmark Mogadishu Somalia
Copenhagen Denmark Monrovia Liberia
Copenhagen Denmark Montevideo Uruguay
Dakar Senegal Damascus Syria
Dakar Senegal Dhaka Bangladesh
Dakar Senegal Doha Qatar
Dakar Senegal Dublin Ireland
Dakar Senegal Dushanbe Tajikistan
Dakar Senegal Funafuti Tuvalu
Dakar Senegal Gaborone Botswana
Dakar Senegal Georgetown Guyana
Dakar Senegal Hanoi Vietnam
Dakar Senegal Harare Zimbabwe
Dakar Senegal Havana Cuba
Dakar Senegal Helsinki Finland
Dakar Senegal Islamabad Pakistan
Dakar Senegal Jakarta Indonesia
Dakar Senegal Kabul Afghanistan
Dakar Senegal Kampala Uganda
Dakar Senegal Kathmandu Nepal
Dakar Senegal Khartoum Sudan
Dakar Senegal Kiev Ukraine
Dakar Senegal Kigali Rwanda
Dakar Senegal Kingston Jamaica
Dakar Senegal Libreville Gabon
Dakar Senegal Lilongwe Malawi
Dakar Senegal Lima Peru
Dakar Senegal Lisbon Portugal
Dakar Senegal Ljubljana Slovenia
Dakar Senegal London England
Dakar Senegal Luanda Angola
Dakar Senegal Lusaka Zambia
Dakar Senegal Madrid Spain
Dakar Senegal Managua Nicaragua
Dakar Senegal Manama Bahrain
Dakar Senegal Manila Philippines
Dakar Senegal Maputo Mozambique
Dakar Senegal Minsk Belarus
Dakar Senegal Mogadishu Somalia
Dakar Senegal Monrovia Liberia
Dakar Senegal Montevideo Uruguay
Dakar Senegal Moscow Russia
Damascus Syria Dhaka Bangladesh
Damascus Syria Doha Qatar
Damascus Syria Dublin Ireland
Damascus Syria Dushanbe Tajikistan
Damascus Syria Funafuti Tuvalu
Damascus Syria Gaborone Botswana
Damascus Syria Georgetown Guyana
Damascus Syria Hanoi Vietnam
Damascus Syria Harare Zimbabwe
Damascus Syria Havana Cuba
Damascus Syria Helsinki Finland
Damascus Syria Islamabad Pakistan
Damascus Syria Jakarta Indonesia
Damascus Syria Kabul Afghanistan
Damascus Syria Kampala Uganda
tockton California Cincinnati Ohio
Stockton California Anchorage Alaska
Stockton California Toledo Ohio
Stockton California Plano Texas
Stockton California Henderson Nevada
Stockton California Orlando Florida
Stockton California Laredo Texas
Stockton California Chandler Arizona
Stockton California Madison Wisconsin
Stockton California Lubbock Texas
Stockton California Garland Texas
Stockton California Glendale Arizona
Stockton California Hialeah Florida
Stockton California Reno Nevada
Stockton California Scottsdale Arizona
Stockton California Irving Texas
Stockton California Spokane Washington
Stockton California Shreveport Louisiana
Stockton California Tacoma Washington
Stockton California Akron Ohio
Stockton California Amarillo Texas
Stockton California Tallahassee Florida
Stockton California Huntsville Alabama
Stockton California Worcester Massachusetts
Stockton California Chicago Illinois
Stockton California Houston Texas
Stockton California Philadelphia Pennsylvania
Stockton California Phoenix Arizona
Stockton California Dallas Texas
Stockton California Jacksonville Florida
Stockton California Indianapolis Indiana
Stockton California Austin Texas
Stockton California Detroit Michigan
Cincinnati Ohio Anchorage Alaska
Cincinnati Ohio Plano Texas
Cincinnati Ohio Henderson Nevada
Cincinnati Ohio Orlando Florida
Cincinnati Ohio Laredo Texas
Cincinnati Ohio Chandler Arizona
Cincinnati Ohio Madison Wisconsin
Cincinnati Ohio Lubbock Texas
Cincinnati Ohio Garland Texas
Cincinnati Ohio Glendale Arizona
Cincinnati Ohio Hialeah Florida
Cincinnati Ohio Reno Nevada
Cincinnati Ohio Scottsdale Arizona
Cincinnati Ohio Irving Texas
Cincinnati Ohio Fremont California
Cincinnati Ohio Irvine California
Cincinnati Ohio Spokane Washington
Cincinnati Ohio Modesto California
Cincinnati Ohio Shreveport Louisiana
Cincinnati Ohio Tacoma Washington
Cincinnati Ohio Oxnard California
Cincinnati Ohio Fontana California
Cincinnati Ohio Amarillo Texas
Cincinnati Ohio Glendale California
Cincinnati Ohio Tallahassee Florida
Cincinnati Ohio Huntsville Alabama
Cincinnati Ohio Worcester Massachusetts
Cincinnati Ohio Chicago Illinois
Cincinnati Ohio Houston Texas
Cincinnati Ohio Philadelphia Pennsylvania
Cincinnati Ohio Phoenix Arizona
Cincinnati Ohio Dallas Texas
Cincinnati Ohio Jacksonville Florida
Cincinnati Ohio Indianapolis Indiana
Cincinnati Ohio Austin Texas
Cincinnati Ohio Detroit Michigan
Cincinnati Ohio Memphis Tennessee
Anchorage Alaska Toledo Ohio
Anchorage Alaska Plano Texas
Anchorage Alaska Henderson Nevada
Anchorage Alaska Orlando Florida
Anchorage Alaska Laredo Texas
Anchorage Alaska Chandler Arizona
Anchorage Alaska Madison Wisconsin
Anchorage Alaska Lubbock Texas
Anchorage Alaska Garland Texas
Anchorage Alaska Glendale Arizona
Anchorage Alaska Hialeah Florida
Anchorage Alaska Reno Nevada
Anchorage Alaska Scottsdale Arizona
Anchorage Alaska Irving Texas
Anchorage Alaska Fremont California
Anchorage Alaska Irvine California
Anchorage Alaska Spokane Washington
Anchorage Alaska Modesto California
Anchorage Alaska Shreveport Louisiana
Anchorage Alaska Tacoma Washington
Anchorage Alaska Oxnard California
Anchorage Alaska Fontana California
Anchorage Alaska Akron Ohio
Anchorage Alaska Amarillo Texas
Anchorage Alaska Glendale California
Anchorage Alaska Tallahassee Florida
Anchorage Alaska Huntsville Alabama
Anchorage Alaska Worcester Massachusetts
Anchorage Alaska Chicago Illinois
Anchorage Alaska Houston Texas
Anchorage Alaska Philadelphia Pennsylvania
Anchorage Alaska Phoenix Arizona
Anchorage Alaska Dallas Texas
Anchorage Alaska Jacksonville Florida
Anchorage Alaska Indianapolis Indiana
Anchorage Alaska Austin Texas
Anchorage Alaska Detroit Michigan
Anchorage Alaska Memphis Tennessee
Anchorage Alaska Boston Massachusetts
Toledo Ohio Plano Texas
Toledo Ohio Henderson Nevada
Toledo Ohio Orlando Florida
Toledo Ohio Laredo Texas
Toledo Ohio Chandler Arizona
Toledo Ohio Madison Wisconsin
Toledo Ohio Lubbock Texas
Toledo Ohio Garland Texas
Toledo Ohio Glendale Arizona
Toledo Ohio Hialeah Florida
Toledo Ohio Reno Nevada
Toledo Ohio Scottsdale Arizona
Toledo Ohio Irving Texas
Toledo Ohio Fremont California
Toledo Ohio Irvine California
Toledo Ohio Spokane Washington
Toledo Ohio Modesto California
Toledo Ohio Shreveport Louisiana
Toledo Ohio Tacoma Washington
Toledo Ohio Oxnard California
Toledo Ohio Fontana California
Toledo Ohio Amarillo Texas
Toledo Ohio Glendale California
Toledo Ohio Tallahassee Florida
Toledo Ohio Huntsville Alabama
Toledo Ohio Worcester Massachusetts
Toledo Ohio Chicago Illinois
Toledo Ohio Houston Texas
Toledo Ohio Philadelphia Pennsylvania
Toledo Ohio Phoenix Arizona
Toledo Ohio Dallas Texas
Toledo Ohio Jacksonville Florida
Toledo Ohio Indianapolis Indiana
Toledo Ohio Austin Texas
Toledo Ohio Detroit Michigan
Toledo Ohio Memphis Tennessee
Toledo Ohio Boston Massachusetts
Toledo Ohio Seattle Washington
Plano Texas Henderson Nevada
Plano Texas Orlando Florida
Plano Texas Chandler Arizona
Plano Texas Madison Wisconsin
Plano Texas Glendale Arizona
Plano Texas Hialeah Florida
Plano Texas Reno Nevada
Plano Texas Scottsdale Arizona
Plano Texas Fremont California
Plano Texas Irvine California
Plano Texas Spokane Washington
Plano Texas Modesto California
Plano Texas Shreveport Louisiana
Plano Texas Tacoma Washington
Plano Texas Oxnard California
Plano Texas Fontana California
Plano Texas Akron Ohio
Plano Texas Glendale California
Plano Texas Tallahassee Florida
Plano Texas Huntsville Alabama
Plano Texas Worcester Massachusetts
Plano Texas Chicago Illinois
Plano Texas Philadelphia Pennsylvania
Plano Texas Phoenix Arizona
Plano Texas Jacksonville Florida
Plano Texas Indianapolis Indiana
Plano Texas Detroit Michigan
Plano Texas Memphis Tennessee
Plano Texas Boston Massachusetts
Plano Texas Seattle Washington
Plano Texas Denver Colorado
Henderson Nevada Orlando Florida
Henderson Nevada Laredo Texas
Henderson Nevada Chandler Arizona
Henderson Nevada Madison Wisconsin
Henderson Nevada Lubbock Texas
Henderson Nevada Garland Texas
Henderson Nevada Glendale Arizona
Henderson Nevada Hialeah Florida
Henderson Nevada Scottsdale Arizona
Henderson Nevada Irving Texas
Henderson Nevada Fremont California
Henderson Nevada Irvine California
Henderson Nevada Spokane Washington
Henderson Nevada Modesto California
Henderson Nevada Shreveport Louisiana
Henderson Nevada Tacoma Washington
Henderson Nevada Oxnard California
Henderson Nevada Fontana California
Henderson Nevada Akron Ohio
Henderson Nevada Amarillo Texas
Henderson Nevada Glendale California
Henderson Nevada Tallahassee Florida
Henderson Nevada Huntsville Alabama
Henderson Nevada Worcester Massachusetts
Henderson Nevada Chicago Illinois
Henderson Nevada Houston Texas
Henderson Nevada Philadelphia Pennsylvania
Henderson Nevada Phoenix Arizona
Henderson Nevada Dallas Texas
Henderson Nevada Jacksonville Florida
Henderson Nevada Indianapolis Indiana
Henderson Nevada Austin Texas
Henderson Nevada Detroit Michigan
Henderson Nevada Memphis Tennessee
Henderson Nevada Boston Massachusetts
Henderson Nevada Seattle Washington
Henderson Nevada Denver Colorado
Henderson Nevada Baltimore Maryland
Orlando Florida Laredo Texas
Orlando Florida Chandler Arizona
Orlando Florida Madison Wisconsin
Orlando Florida Lubbock Texas
Orlando Florida Garland Texas
Orlando Florida Glendale Arizona
Orlando Florida Reno Nevada
Orlando Florida Scottsdale Arizona
Orlando Florida Irving Texas
Orlando Florida Fremont California
Orlando Florida Irvine California
Orlando Florida Spokane Washington
Orlando Florida Modesto California
Orlando Florida Shreveport Louisiana
Orlando Florida Tacoma Washington
Orlando Florida Oxnard California
Orlando Florida Fontana California
Orlando Florida Akron Ohio
Orlando Florida Amarillo Texas
Orlando Florida Glendale California
Orlando Florida Huntsville Alabama
Orlando Florida Worcester Massachusetts
Orlando Florida Chicago Illinois
Orlando Florida Houston Texas
Orlando Florida Philadelphia Pennsylvania
Orlando Florida Phoenix Arizona
Orlando Florida Dallas Texas
Orlando Florida Indianapolis Indiana
Orlando Florida Austin Texas
Orlando Florida Detroit Michigan
Orlando Florida Memphis Tennessee
Orlando Florida Boston Massachusetts
Orlando Florida Seattle Washington
Orlando Florida Denver Colorado
Orlando Florida Baltimore Maryland
Orlando Florida Nashville Tennessee
Laredo Texas Chandler Arizona
Laredo Texas Madison Wisconsin
Laredo Texas Glendale Arizona
Laredo Texas Hialeah Florida
Laredo Texas Reno Nevada
Laredo Texas Scottsdale Arizona
Laredo Texas Fremont California
Laredo Texas Irvine California
Laredo Texas Spokane Washington
Laredo Texas Modesto California
Laredo Texas Shreveport Louisiana
Laredo Texas Tacoma Washington
Laredo Texas Oxnard California
Laredo Texas Fontana California
Laredo Texas Akron Ohio
Laredo Texas Glendale California
Laredo Texas Tallahassee Florida
Laredo Texas Huntsville Alabama
Laredo Texas Worcester Massachusetts
Laredo Texas Chicago Illinois
Laredo Texas Philadelphia Pennsylvania
Laredo Texas Phoenix Arizona
Laredo Texas Jacksonville Florida
Laredo Texas Indianapolis Indiana
Laredo Texas Detroit Michigan
Laredo Texas Memphis Tennessee
Laredo Texas Boston Massachusetts
Laredo Texas Seattle Washington
Laredo Texas Denver Colorado
Laredo Texas Baltimore Maryland
Laredo Texas Nashville Tennessee
Laredo Texas Louisville Kentucky
Chandler Arizona Madison Wisconsin
Chandler Arizona Lubbock Texas
Chandler Arizona Garland Texas
Chandler Arizona Hialeah Florida
Chandler Arizona Reno Nevada
Chandler Arizona Irving Texas
Chandler Arizona Fremont California
Chandler Arizona Irvine California
Chandler Arizona Spokane Washington
Chandler Arizona Modesto California
Chandler Arizona Shreveport Louisiana
Chandler Arizona Tacoma Washington
Chandler Arizona Oxnard California
Chandler Arizona Fontana California
Chandler Arizona Akron Ohio
Chandler Arizona Amarillo Texas
Chandler Arizona Glendale California
Chandler Arizona Tallahassee Florida
Chandler Arizona Huntsville Alabama
Chandler Arizona Worcester Massachusetts
Chandler Arizona Chicago Illinois
Chandler Arizona Houston Texas
Chandler Arizona Philadelphia Pennsylvania
Chandler Arizona Dallas Texas
Chandler Arizona Jacksonville Florida
Chandler Arizona Indianapolis Indiana
Chandler Arizona Austin Texas
Chandler Arizona Detroit Michigan
Chandler Arizona Memphis Tennessee
Chandler Arizona Boston Massachusetts
Chandler Arizona Seattle Washington
Chandler Arizona Denver Colorado
Chandler Arizona Baltimore Maryland
Chandler Arizona Nashville Tennessee
Chandler Arizona Louisville Kentucky
Chandler Arizona Milwaukee Wisconsin
Madison Wisconsin Lubbock Texas
Madison Wisconsin Garland Texas
Madison Wisconsin Glendale Arizona
Madison Wisconsin Hialeah Florida
Madison Wisconsin Reno Nevada
Madison Wisconsin Scottsdale Arizona
Madison Wisconsin Irving Texas
Madison Wisconsin Fremont California
Madison Wisconsin Irvine California
Madison Wisconsin Spokane Washington
Madison Wisconsin Modesto California
Madison Wisconsin Shreveport Louisiana
Madison Wisconsin Tacoma Washington
Madison Wisconsin Oxnard California
Madison Wisconsin Fontana California
Madison Wisconsin Akron Ohio
Madison Wisconsin Amarillo Texas
Madison Wisconsin Glendale California
Madison Wisconsin Tallahassee Florida
Madison Wisconsin Huntsville Alabama
Madison Wisconsin Worcester Massachusetts
Madison Wisconsin Chicago Illinois
Madison Wisconsin Houston Texas
Madison Wisconsin Philadelphia Pennsylvania
Madison Wisconsin Phoenix Arizona
Madison Wisconsin Dallas Texas
Madison Wisconsin Jacksonville Florida
Madison Wisconsin Indianapolis Indiana
Madison Wisconsin Austin Texas
Madison Wisconsin Detroit Michigan
Madison Wisconsin Memphis Tennessee
Madison Wisconsin Boston Massachusetts
Madison Wisconsin Seattle Washington
Madison Wisconsin Denver Colorado
Madison Wisconsin Baltimore Maryland
Madison Wisconsin Nashville Tennessee
Madison Wisconsin Louisville Kentucky
Madison Wisconsin Portland Oregon
Lubbock Texas Glendale Arizona
Lubbock Texas Hialeah Florida
Lubbock Texas Reno Nevada
Lubbock Texas Scottsdale Arizona
Lubbock Texas Fremont California
Lubbock Texas Irvine California
Lubbock Texas Spokane Washington
Lubbock Texas Modesto California
Lubbock Texas Shreveport Louisiana
Lubbock Texas Tacoma Washington
Lubbock Texas Oxnard California
Lubbock Texas Fontana California
Lubbock Texas Akron Ohio
Lubbock Texas Glendale California
Lubbock Texas Tallahassee Florida
Lubbock Texas Huntsville Alabama
Lubbock Texas Worcester Massachusetts
Lubbock Texas Chicago Illinois
Lubbock Texas Philadelphia Pennsylvania
Lubbock Texas Phoenix Arizona
Lubbock Texas Jacksonville Florida
Lubbock Texas Indianapolis Indiana
Lubbock Texas Detroit Michigan
Lubbock Texas Memphis Tennessee
Lubbock Texas Boston Massachusetts
Lubbock Texas Seattle Washington
Lubbock Texas Denver Colorado
Lubbock Texas Baltimore Maryland
Lubbock Texas Nashville Tennessee
Lubbock Texas Louisville Kentucky
Lubbock Texas Milwaukee Wisconsin
Lubbock Texas Portland Oregon
Lubbock Texas Tucson Arizona
Garland Texas Glendale Arizona
Garland Texas Hialeah Florida
Garland Texas Reno Nevada
Garland Texas Scottsdale Arizona
Garland Texas Fremont California
Garland Texas Irvine California
Garland Texas Spokane Washington
Garland Texas Modesto California
Garland Texas Shreveport Louisiana
Garland Texas Tacoma Washington
Garland Texas Oxnard California
Garland Texas Fontana California
Garland Texas Akron Ohio
Garland Texas Glendale California
Garland Texas Tallahassee Florida
Garland Texas Huntsville Alabama
Garland Texas Worcester Massachusetts
Garland Texas Chicago Illinois
Garland Texas Philadelphia Pennsylvania
Garland Texas Phoenix Arizona
Garland Texas Jacksonville Florida
Garland Texas Indianapolis Indiana
Garland Texas Detroit Michigan
Garland Texas Memphis Tennessee
Garland Texas Boston Massachusetts
Garland Texas Seattle Washington
Garland Texas Denver Colorado
Garland Texas Baltimore Maryland
Garland Texas Nashville Tennessee
Garland Texas Louisville Kentucky
Garland Texas Milwaukee Wisconsin
Garland Texas Portland Oregon
Garland Texas Tucson Arizona
Garland Texas Fresno California
Glendale Arizona Hialeah Florida
Glendale Arizona Reno Nevada
Glendale Arizona Irving Texas
Glendale Arizona Fremont California
Glendale Arizona Irvine California
Glendale Arizona Spokane Washington
Glendale Arizona Modesto California
Glendale Arizona Shreveport Louisiana
Glendale Arizona Tacoma Washington
Glendale Arizona Oxnard California
Glendale Arizona Fontana California
Glendale Arizona Akron Ohio
Glendale Arizona Amarillo Texas
Glendale Arizona Tallahassee Florida
Glendale Arizona Huntsville Alabama
Glendale Arizona Worcester Massachusetts
Glendale Arizona Chicago Illinois
Glendale Arizona Houston Texas
Glendale Arizona Philadelphia Pennsylvania
Glendale Arizona Dallas Texas
Glendale Arizona Jacksonville Florida
Glendale Arizona Indianapolis Indiana
Glendale Arizona Austin Texas
Glendale Arizona Detroit Michigan
Glendale Arizona Memphis Tennessee
Glendale Arizona Boston Massachusetts
Glendale Arizona Seattle Washington
Glendale Arizona Denver Colorado
Glendale Arizona Baltimore Maryland
Glendale Arizona Nashville Tennessee
Glendale Arizona Louisville Kentucky
Glendale Arizona Milwaukee Wisconsin
Glendale Arizona Portland Oregon
Glendale Arizona Fresno California
Glendale Arizona Sacramento California
Hialeah Florida Reno Nevada
Hialeah Florida Scottsdale Arizona
Hialeah Florida Irving Texas
Hialeah Florida Fremont California
Hialeah Florida Irvine California
Hialeah Florida Spokane Washington
Hialeah Florida Modesto California
Hialeah Florida Shreveport Louisiana
Hialeah Florida Tacoma Washington
Hialeah Florida Oxnard California
Hialeah Florida Fontana California
Hialeah Florida Akron Ohio
Hialeah Florida Amarillo Texas
Hialeah Florida Glendale California
Hialeah Florida Huntsville Alabama
Hialeah Florida Worcester Massachusetts
Hialeah Florida Chicago Illinois
Hialeah Florida Houston Texas
Hialeah Florida Philadelphia Pennsylvania
Hialeah Florida Phoenix Arizona
Hialeah Florida Dallas Texas
Hialeah Florida Indianapolis Indiana
Hialeah Florida Austin Texas
Hialeah Florida Detroit Michigan
Hialeah Florida Memphis Tennessee
Hialeah Florida Boston Massachusetts
Hialeah Florida Seattle Washington
Hialeah Florida Denver Colorado
Hialeah Florida Baltimore Maryland
Hialeah Florida Nashville Tennessee
Hialeah Florida Louisville Kentucky
Hialeah Florida Milwaukee Wisconsin
Hialeah Florida Portland Oregon
Hialeah Florida Tucson Arizona
Hialeah Florida Fresno California
Hialeah Florida Sacramento California
Hialeah Florida Mesa Arizona
Reno Nevada Scottsdale Arizona
Reno Nevada Irving Texas
Reno Nevada Fremont California
Reno Nevada Irvine California
Reno Nevada Spokane Washington
Reno Nevada Modesto California
Reno Nevada Shreveport Louisiana
Reno Nevada Tacoma Washington
Reno Nevada Oxnard California
Reno Nevada Fontana California
Reno Nevada Akron Ohio
Reno Nevada Amarillo Texas
Reno Nevada Glendale California
Reno Nevada Tallahassee Florida
Reno Nevada Huntsville Alabama
Reno Nevada Worcester Massachusetts
Reno Nevada Chicago Illinois
Reno Nevada Houston Texas
Reno Nevada Philadelphia Pennsylvania
Reno Nevada Phoenix Arizona
Reno Nevada Dallas Texas
Reno Nevada Jacksonville Florida
Reno Nevada Indianapolis Indiana
Reno Nevada Austin Texas
Reno Nevada Detroit Michigan
Reno Nevada Memphis Tennessee
Reno Nevada Boston Massachusetts
Reno Nevada Seattle Washington
Reno Nevada Denver Colorado
Reno Nevada Baltimore Maryland
Reno Nevada Nashville Tennessee
Reno Nevada Louisville Kentucky
Reno Nevada Milwaukee Wisconsin
Reno Nevada Portland Oregon
Reno Nevada Tucson Arizona
Reno Nevada Fresno California
Reno Nevada Sacramento California
Reno Nevada Mesa Arizona
Reno Nevada Atlanta Georgia
Scottsdale Arizona Irving Texas
Scottsdale Arizona Fremont California
Scottsdale Arizona Irvine California
Scottsdale Arizona Spokane Washington
Scottsdale Arizona Modesto California
Scottsdale Arizona Shreveport Louisiana
Scottsdale Arizona Tacoma Washington
Scottsdale Arizona Oxnard California
Scottsdale Arizona Fontana California
Scottsdale Arizona Akron Ohio
Scottsdale Arizona Amarillo Texas
Scottsdale Arizona Glendale California
Scottsdale Arizona Tallahassee Florida
Scottsdale Arizona Huntsville Alabama
Scottsdale Arizona Worcester Massachusetts
Scottsdale Arizona Chicago Illinois
Scottsdale Arizona Houston Texas
Scottsdale Arizona Philadelphia Pennsylvania
Scottsdale Arizona Dallas Texas
Scottsdale Arizona Jacksonville Florida
Scottsdale Arizona Indianapolis Indiana
Scottsdale Arizona Austin Texas
Scottsdale Arizona Detroit Michigan
Scottsdale Arizona Memphis Tennessee
Scottsdale Arizona Boston Massachusetts
Scottsdale Arizona Seattle Washington
Scottsdale Arizona Denver Colorado
Scottsdale Arizona Baltimore Maryland
Scottsdale Arizona Nashville Tennessee
Scottsdale Arizona Louisville Kentucky
Scottsdale Arizona Milwaukee Wisconsin
Scottsdale Arizona Portland Oregon
Scottsdale Arizona Fresno California
Scottsdale Arizona Sacramento California
Scottsdale Arizona Atlanta Georgia
Scottsdale Arizona Omaha Nebraska
Irving Texas Fremont California
Irving Texas Irvine California
Irving Texas Spokane Washington
Irving Texas Modesto California
Irving Texas Shreveport Louisiana
Irving Texas Tacoma Washington
Irving Texas Oxnard California
Irving Texas Fontana California
Irving Texas Akron Ohio
Irving Texas Glendale California
Irving Texas Tallahassee Florida
Irving Texas Huntsville Alabama
Irving Texas Worcester Massachusetts
Irving Texas Chicago Illinois
Irving Texas Philadelphia Pennsylvania
Irving Texas Phoenix Arizona
Irving Texas Jacksonville Florida
Irving Texas Indianapolis Indiana
Irving Texas Detroit Michigan
Irving Texas Memphis Tennessee
Irving Texas Boston Massachusetts
Irving Texas Seattle Washington
Irving Texas Denver Colorado
Irving Texas Baltimore Maryland
Irving Texas Nashville Tennessee
Irving Texas Louisville Kentucky
Irving Texas Milwaukee Wisconsin
Irving Texas Portland Oregon
Irving Texas Tucson Arizona
Irving Texas Fresno California
Irving Texas Sacramento California
Irving Texas Mesa Arizona
Irving Texas Atlanta Georgia
Irving Texas Omaha Nebraska
Irving Texas Miami Florida
Fremont California Spokane Washington
Fremont California Shreveport Louisiana
Fremont California Tacoma Washington
Fremont California Akron Ohio
Fremont California Amarillo Texas
Fremont California Tallahassee Florida
Fremont California Huntsville Alabama
Fremont California Worcester Massachusetts
Fremont California Chicago Illinois
Fremont California Houston Texas
Fremont California Philadelphia Pennsylvania
Fremont California Phoenix Arizona
Fremont California Dallas Texas
Fremont California Jacksonville Florida
Fremont California Indianapolis Indiana
Fremont California Austin Texas
Fremont California Detroit Michigan
Fremont California Memphis Tennessee
Fremont California Boston Massachusetts
Fremont California Seattle Washington
Fremont California Denver Colorado
Fremont California Baltimore Maryland
Fremont California Nashville Tennessee
Fremont California Louisville Kentucky
Fremont California Milwaukee Wisconsin
Fremont California Portland Oregon